序号,名称,地区,语种,时区,主管／所有权,类型,影响力星级,官网,备注
1,新华社,北京,中文,Asia/Shanghai,国家通讯社,通讯社,5,news.cn,国家通讯社　通稿源头
2,中国新闻社,北京,中文,Asia/Shanghai,国务院侨办背景,通讯社,4,chinanews.com.cn,侨务与外宣
3,人民日报,北京,中文,Asia/Shanghai,中共中央机关报,报纸,5,people.com.cn,最高层级党报
4,人民日报海外版,北京,中文,Asia/Shanghai,人民日报社,报纸,3,paper.people.com.cn,面向海外华人
5,央视新闻 CCTV,北京,中文,Asia/Shanghai,中央广播电视总台,电视,5,cctv.com,收视覆盖面最广
6,中国国际电视台 CGTN,北京,多语,Asia/Shanghai,中央广播电视总台,电视,4,cgtn.com,对外传播主力
7,中国日报 China Daily,北京,英语,Asia/Shanghai,中央外宣单位,报纸,4,chinadaily.com.cn,官方英文报
8,经济日报,北京,中文,Asia/Shanghai,国务院,报纸,4,ce.cn,经济政策口径
9,光明日报,北京,中文,Asia/Shanghai,中共中央,报纸,4,gmw.cn,教育科技文化
10,环球时报,北京,中文,Asia/Shanghai,人民日报社,报纸,4,huanqiu.com,国际评论知名
11,环球网,北京,中文,Asia/Shanghai,人民日报社,网站,3,huanqiu.com,环球时报旗下
12,中国青年报,北京,中文,Asia/Shanghai,共青团中央,报纸,3,cyol.com,青年议题
13,科技日报,北京,中文,Asia/Shanghai,科技部,报纸,3,stdaily.com,科技政策
14,参考消息,北京,中文,Asia/Shanghai,新华社,报纸,4,cankaoxiaoxi.com,外媒摘编
15,解放军报／中国军网,北京,中文,Asia/Shanghai,中央军委,报纸网站,3,81.cn,军事官方
16,中国新闻网,北京,中文,Asia/Shanghai,中国新闻社,网站,3,chinanews.com.cn,中新社网站
17,腾讯新闻,深圳,中文,Asia/Shanghai,腾讯,网站,4,news.qq.com,流量最大门户之一
18,新浪新闻,北京,中文,Asia/Shanghai,新浪,网站,4,news.sina.com.cn,门户
19,网易新闻,北京,中文,Asia/Shanghai,网易,网站,4,news.163.com,门户
20,搜狐新闻,北京,中文,Asia/Shanghai,搜狐,网站,3,news.sohu.com,门户
21,凤凰网,北京,中文,Asia/Shanghai,凤凰卫视关联,网站,4,ifeng.com,门户　国际报道多
22,今日头条,北京,中文,Asia/Shanghai,字节跳动,网站,4,toutiao.com,算法推荐
23,百度新闻,北京,中文,Asia/Shanghai,百度,网站,3,news.baidu.com,聚合
24,澎湃新闻,上海,中文,Asia/Shanghai,上海报业集团,网站,4,thepaper.cn,时政调查强
25,界面新闻,上海,中文,Asia/Shanghai,上海报业集团,网站,3,jiemian.com,财经商业
26,财联社,上海,中文,Asia/Shanghai,报业＋民营资本,网站,3,cls.cn,快讯见长
27,第一财经,上海,中文,Asia/Shanghai,上海广播电视台,网站,3,yicai.com,财经
28,观察者网,上海,中文,Asia/Shanghai,民营,网站,4,guancha.cn,国际评论知名
29,上观新闻,上海,中文,Asia/Shanghai,解放日报社,网站,3,jfdaily.com,上海党报客户端
30,财新,北京,中文,Asia/Shanghai,财新传媒,杂志网站,4,caixin.com,付费调查报道标杆
31,财经杂志,北京,中文,Asia/Shanghai,财经杂志社,杂志,3,mycaijing.com,财经深度
32,21世纪经济报道,广州,中文,Asia/Shanghai,南方报业传媒集团,报纸,3,21jingji.com,财经
33,每日经济新闻,成都,中文,Asia/Shanghai,成都传媒集团,报纸,3,nbd.com.cn,财经
34,经济观察报,北京,中文,Asia/Shanghai,经济观察报社,报纸,3,eeo.com.cn,财经评论
35,证券时报,深圳,中文,Asia/Shanghai,证券时报社,报纸,3,stcn.com,资本市场
36,中国证券报,北京,中文,Asia/Shanghai,新华社,报纸,3,cs.com.cn,资本市场
37,上海证券报,上海,中文,Asia/Shanghai,新华社,报纸,3,cnstock.com,资本市场
38,华尔街见闻,上海,中文,Asia/Shanghai,民营,网站,3,wallstreetcn.com,全球市场快讯
39,36氪,北京,中文,Asia/Shanghai,民营,网站,3,36kr.com,创投科技
40,虎嗅网,北京,中文,Asia/Shanghai,民营,网站,3,huxiu.com,科技商业评论
41,IT之家,青岛,中文,Asia/Shanghai,民营,网站,3,ithome.com,科技快讯
42,快科技,北京,中文,Asia/Shanghai,民营,网站,3,mydrivers.com,科技快讯
43,新京报,北京,中文,Asia/Shanghai,北京日报报业集团,报纸网站,4,bjnews.com.cn,都市报　调查强
44,南方都市报,广州,中文,Asia/Shanghai,南方报业传媒集团,报纸,3,oeeee.com,都市报
45,南方周末,广州,中文,Asia/Shanghai,南方报业传媒集团,报纸,4,infzm.com,深度报道标杆
46,南方日报,广州,中文,Asia/Shanghai,南方报业传媒集团,报纸,3,southcn.com,省委机关报
47,北京日报,北京,中文,Asia/Shanghai,北京日报报业集团,报纸,3,bjd.com.cn,市委机关报
48,广州日报,广州,中文,Asia/Shanghai,广州日报报业集团,报纸,3,gzdaily.cn,市委机关报
49,红星新闻,成都,中文,Asia/Shanghai,成都传媒集团,网站,3,cdsb.com.cn,社会新闻强
50,极目新闻,武汉,中文,Asia/Shanghai,湖北日报传媒集团,网站,3,ctdsb.net,社会新闻
51,三联生活周刊,北京,中文,Asia/Shanghai,中国出版集团,杂志,3,lifeweek.com.cn,人文社会深度
52,中国新闻周刊,北京,中文,Asia/Shanghai,中国新闻社,杂志,3,inewsweek.cn,时政社会
53,懂球帝,北京,中文,Asia/Shanghai,民营,网站,3,dongqiudi.com,足球
54,虎扑,上海,中文,Asia/Shanghai,民营,社区,3,hupu.com,体育社区
55,体坛周报,长沙,中文,Asia/Shanghai,体坛传媒,报纸,3,titan24.com,体育专业报
56,新浪体育,北京,中文,Asia/Shanghai,新浪,网站,3,sports.sina.com.cn,体育
57,腾讯体育,深圳,中文,Asia/Shanghai,腾讯,网站,3,sports.qq.com,体育
58,环球时报英文版 Global Times,北京,英语,Asia/Shanghai,人民日报社,报纸网站,3,globaltimes.cn,对外英文评论
59,参考消息网,北京,中文,Asia/Shanghai,新华社,网站,3,cankaoxiaoxi.com,外媒摘编
