序号,名称,国家地区,语种,时区,所有权,类型,影响力星级,官网,备注
1,路透社 Reuters,英国,英语,Europe/London,汤森路透（上市）,通讯社,5,reuters.com,全球综合＋财经通讯社
2,美联社 AP,美国,英语,America/New_York,非营利合作社,通讯社,5,apnews.com,全球分发能力最强之一
3,法新社 AFP,法国,法语,Europe/Paris,独立公营法人（政府订购）,通讯社,5,afp.com,最老牌通讯社
4,彭博新闻 Bloomberg News,美国,英语,America/New_York,彭博（私人）,通讯社,5,bloomberg.com,财经权重极高
5,埃菲社 EFE,西班牙,西班牙语,Europe/Madrid,国有（SEPI）控股,通讯社,4,efe.com,西语世界最大
6,德新社 DPA,德国,德语,Europe/Berlin,合作社,通讯社,4,dpa.com,德语区主力
7,共同社 Kyodo News,日本,日语,Asia/Tokyo,合作社,通讯社,4,kyodonews.net,日本两大通讯社之一
8,韩联社 Yonhap,韩国,韩语,Asia/Seoul,国有,通讯社,4,yna.co.kr,韩国国家通讯社
9,塔斯社 TASS,俄罗斯,俄语,Europe/Moscow,国有,通讯社,4,tass.com,俄罗斯官方通讯社
10,阿纳多卢通讯社 Anadolu,土耳其,土耳其语,Europe/Istanbul,国有,通讯社,4,aa.com.tr,土耳其官方通讯社
11,安莎社 ANSA,意大利,意大利语,Europe/Rome,合作社,通讯社,3,ansa.it,意大利主力通讯社
12,时事社 Jiji Press,日本,日语,Asia/Tokyo,合作社,通讯社,3,jiji.com,日本两大通讯社之一
13,印度报业托拉斯 PTI,印度,英语,Asia/Kolkata,合作社,通讯社,3,ptinews.com,印度最大通讯社
14,卢萨社 Lusa,葡萄牙,葡萄牙语,Europe/Lisbon,国有控股,通讯社,3,lusa.pt,葡语世界通讯社
15,国际文传电讯社 Interfax,俄罗斯,俄语,Europe/Moscow,私有,通讯社,3,interfax.com,俄罗斯独立通讯社
16,乌克兰国家通讯社 Ukrinform,乌克兰,乌克兰语,Europe/Kyiv,国有,通讯社,3,ukrinform.net,乌克兰官方通讯社
17,纽约时报 The New York Times,美国,英语,America/New_York,纽时公司（苏兹贝格家族）,报纸,5,nytimes.com,评论偏自由派
18,华尔街日报 The Wall Street Journal,美国,英语,America/New_York,道琼斯／新闻集团,报纸,5,wsj.com,财经权威　社论偏保守
19,华盛顿邮报 The Washington Post,美国,英语,America/New_York,Nash Holdings（贝索斯）,报纸,5,washingtonpost.com,评论偏自由派
20,有线电视新闻网 CNN,美国,英语,America/New_York,华纳兄弟探索,电视网站,5,cnn.com,全球电视新闻
21,福克斯新闻 Fox News,美国,英语,America/New_York,福克斯公司（默多克家族）,电视,5,foxnews.com,评论偏保守
22,今日美国 USA Today,美国,英语,America/New_York,Gannett,报纸,4,usatoday.com,全国性大众报
23,洛杉矶时报 Los Angeles Times,美国,英语,America/Los_Angeles,黄馨祥（Soon-Shiong）,报纸,4,latimes.com,西海岸大报
24,全国广播公司新闻 NBC News,美国,英语,America/New_York,NBC环球（康卡斯特）,电视,4,nbcnews.com,三大电视网之一
25,美国广播公司新闻 ABC News,美国,英语,America/New_York,迪士尼,电视,4,abcnews.go.com,三大电视网之一
26,哥伦比亚广播公司新闻 CBS News,美国,英语,America/New_York,派拉蒙天空之舞,电视,4,cbsnews.com,三大电视网之一
27,微软全国广播 MSNBC,美国,英语,America/New_York,Versant（原康卡斯特有线分拆）,电视,4,msnbc.com,评论偏自由派
28,美国国家公共电台 NPR,美国,英语,America/New_York,非营利公共广播,广播,4,npr.org,公共广播
29,PBS 新闻一小时 PBS NewsHour,美国,英语,America/New_York,公共广播,电视,3,pbs.org/newshour,公共电视新闻
30,政治报 Politico,美国,英语,America/New_York,Axel Springer,网站,4,politico.com,华盛顿政治报道
31,Axios,美国,英语,America/New_York,Cox Enterprises,网站,3,axios.com,简明政商简讯
32,大西洋月刊 The Atlantic,美国,英语,America/New_York,Emerson Collective,杂志,4,theatlantic.com,长篇评论
33,纽约客 The New Yorker,美国,英语,America/New_York,康泰纳仕（Advance）,杂志,4,newyorker.com,文化＋调查
34,时代周刊 Time,美国,英语,America/New_York,贝尼奥夫家族,杂志,4,time.com,综合周刊
35,新闻周刊 Newsweek,美国,英语,America/New_York,Newsweek Publishing LLC,杂志,3,newsweek.com,近年立场争议较多
36,福布斯 Forbes,美国,英语,America/New_York,私有（Integrated Whale 等）,杂志,4,forbes.com,商业榜单
37,财富 Fortune,美国,英语,America/New_York,Chatchaval Jiaravanon,杂志,3,fortune.com,商业
38,商业内幕 Business Insider,美国,英语,America/New_York,Axel Springer,网站,3,businessinsider.com,商业科技
39,Vox,美国,英语,America/New_York,Vox Media,网站,3,vox.com,解释性报道
40,ProPublica,美国,英语,America/New_York,非营利,网站,3,propublica.org,调查报道
41,国会山报 The Hill,美国,英语,America/New_York,Nexstar,网站,3,thehill.com,国会政治
42,纽约邮报 New York Post,美国,英语,America/New_York,新闻集团,报纸,3,nypost.com,小报　评论偏保守
43,芝加哥论坛报 Chicago Tribune,美国,英语,America/Chicago,Alden Global Capital,报纸,3,chicagotribune.com,中西部大报
44,美国之音 VOA,美国,多语,America/New_York,美国国际媒体署（联邦资助）,广播网站,4,voanews.com,2025 年经费遭大幅削减　存续待核
45,自由亚洲电台 RFA,美国,多语,America/New_York,美国国际媒体署（联邦资助）,广播网站,3,rfa.org,同上　以亚洲地区报道为主
46,自由欧洲电台／自由电台 RFE/RL,美国,多语,America/New_York,美国国际媒体署（联邦资助）,广播网站,3,rferl.org,同上
47,英国广播公司 BBC,英国,多语,Europe/London,皇家宪章公共广播,广播,5,bbc.com,全球议程设置能力最强之一
48,卫报 The Guardian,英国,英语,Europe/London,斯科特信托,报纸,5,theguardian.com,评论偏自由派
49,金融时报 Financial Times,英国,英语,Europe/London,日本经济新闻社,报纸,5,ft.com,国际财经权威
50,经济学人 The Economist,英国,英语,Europe/London,经济学人集团（Exor 最大股东）,杂志,5,economist.com,自称激进中间派
51,每日邮报 Daily Mail／MailOnline,英国,英语,Europe/London,DMGT（罗瑟米尔家族）,报纸网站,5,dailymail.co.uk,网站流量全球前列　评论偏保守
52,每日电讯报 The Daily Telegraph,英国,英语,Europe/London,电讯媒体集团（维基现标注 Axel Springer）,报纸,4,telegraph.co.uk,2025-26 年所有权变更　待复核
53,泰晤士报 The Times,英国,英语,Europe/London,新闻英国（新闻集团）,报纸,4,thetimes.co.uk,精英大报
54,独立报 The Independent,英国,英语,Europe/London,Lebedev 等,网站,4,independent.co.uk,已转线上
55,太阳报 The Sun,英国,英语,Europe/London,新闻英国,报纸,4,thesun.co.uk,小报　销量大
56,每日镜报 Daily Mirror,英国,英语,Europe/London,Reach plc,报纸,3,mirror.co.uk,偏工党
57,每日快报 Daily Express,英国,英语,Europe/London,Reach plc,报纸,3,express.co.uk,偏右
58,标准晚报 Evening Standard,英国,英语,Europe/London,Lebedev,报纸,3,standard.co.uk,伦敦免费派
59,天空新闻 Sky News,英国,英语,Europe/London,康卡斯特,电视,4,news.sky.com,24 小时电视
60,独立电视台新闻 ITV News,英国,英语,Europe/London,ITV plc,电视,3,itv.com/news,商业电视
61,第四台新闻 Channel 4 News,英国,英语,Europe/London,公营 Channel 4,电视,3,channel4.com/news,公共电视
62,旁观者 The Spectator,英国,英语,Europe/London,Old Queen Street Ventures（马歇尔）,杂志,3,spectator.co.uk,偏保守
63,图片报 Bild,德国,德语,Europe/Berlin,Axel Springer,报纸,5,bild.de,欧洲发行量最大之一
64,明镜周刊 Der Spiegel,德国,德语,Europe/Berlin,Spiegel-Verlag,杂志,4,spiegel.de,调查强
65,法兰克福汇报 FAZ,德国,德语,Europe/Berlin,FAZ GmbH,报纸,4,faz.net,偏保守
66,南德意志报 Süddeutsche Zeitung,德国,德语,Europe/Berlin,Südwestdeutsche Medien Holding,报纸,4,sueddeutsche.de,偏自由派
67,世界报 Die Welt,德国,德语,Europe/Berlin,Axel Springer,报纸,4,welt.de,偏保守
68,时代周报 Die Zeit,德国,德语,Europe/Berlin,Zeit Verlag,报纸,4,zeit.de,周刊型大报
69,商报 Handelsblatt,德国,德语,Europe/Berlin,Handelsblatt Media Group,报纸,3,handelsblatt.com,财经
70,德国电视一台 Tagesschau,德国,德语,Europe/Berlin,公共广播,电视,4,tagesschau.de,收视最高新闻节目
71,德国电视二台 ZDF,德国,德语,Europe/Berlin,公共广播,电视,4,zdf.de,公共电视
72,德国之声 DW,德国,多语,Europe/Berlin,联邦公共国际广播,广播,4,dw.com,对外广播
73,世界报 Le Monde,法国,法语,Europe/Paris,世界报集团,报纸,4,lemonde.fr,晚间派中间偏左
74,费加罗报 Le Figaro,法国,法语,Europe/Paris,达索集团,报纸,4,lefigaro.fr,偏右
75,解放报 Libération,法国,法语,Europe/Paris,私有,报纸,3,liberation.fr,偏左
76,回声报 Les Échos,法国,法语,Europe/Paris,LVMH,报纸,3,lesechos.fr,财经
77,巴黎人报 Le Parisien,法国,法语,Europe/Paris,LVMH,报纸,3,leparisien.fr,大众报
78,法兰西西部报 Ouest-France,法国,法语,Europe/Paris,Ouest-France 协会,报纸,3,ouest-france.fr,法国发行量最大日报
79,法国 24 France 24,法国,多语,Europe/Paris,France Médias Monde（国有）,电视,4,france24.com,对外电视
80,法国国际广播 RFI,法国,多语,Europe/Paris,France Médias Monde（国有）,广播,4,rfi.fr,对外广播
81,晚邮报 Corriere della Sera,意大利,意大利语,Europe/Rome,RCS MediaGroup,报纸,4,corriere.it,意大利第一大报
82,共和国报 la Repubblica,意大利,意大利语,Europe/Rome,GEDI（Exor）,报纸,4,repubblica.it,中间偏左
83,新闻报 La Stampa,意大利,意大利语,Europe/Rome,GEDI,报纸,3,lastampa.it,北部大报
84,二十四小时太阳报 Il Sole 24 Ore,意大利,意大利语,Europe/Rome,Confindustria,报纸,3,ilsole24ore.com,财经官方背景
85,国家报 El País,西班牙,西班牙语,Europe/Madrid,PRISA,报纸,4,elpais.com,中间偏左
86,世界报 El Mundo,西班牙,西班牙语,Europe/Madrid,Unidad Editorial,报纸,3,elmundo.es,中间偏右
87,ABC 报,西班牙,西班牙语,Europe/Madrid,Vocento,报纸,3,abc.es,偏保守
88,先锋报 La Vanguardia,西班牙,西班牙语,Europe/Madrid,Godó 集团,报纸,3,lavanguardia.com,加泰罗尼亚
89,新苏黎世报 NZZ,瑞士,德语,Europe/Zurich,私有,报纸,3,nzz.ch,瑞士精英报　国际评论强
90,电讯报 De Telegraaf,荷兰,荷兰语,Europe/Amsterdam,Mediahuis,报纸,3,telegraaf.nl,发行量最大
91,每日新闻 Dagens Nyheter,瑞典,瑞典语,Europe/Stockholm,Bonnier,报纸,3,dn.se,瑞典第一大报
92,晚报 Aftonbladet,瑞典,瑞典语,Europe/Stockholm,Schibsted,报纸,3,aftonbladet.se,小报　流量大
93,晚邮报 Aftenposten,挪威,挪威语,Europe/Oslo,Schibsted,报纸,3,aftenposten.no,挪威第一大报
94,VG,挪威,挪威语,Europe/Oslo,Schibsted,报纸,3,vg.no,挪威流量最大
95,挪威广播公司 NRK,挪威,挪威语,Europe/Oslo,公共广播,广播,3,nrk.no,公共广播
96,政治报 Politiken,丹麦,丹麦语,Europe/Copenhagen,JP/Politikens Hus,报纸,3,politiken.dk,中间偏左
97,赫尔辛基新闻 Helsingin Sanomat,芬兰,芬兰语,Europe/Helsinki,Sanoma,报纸,3,hs.fi,芬兰第一大报
98,芬兰广播公司 Yle,芬兰,芬兰语,Europe/Helsinki,公共广播,广播,3,yle.fi,公共广播
99,今日俄罗斯 RT,俄罗斯,多语,Europe/Moscow,国有,电视网站,4,rt.com,俄罗斯对外宣传主力
100,俄罗斯卫星通讯社 Sputnik／RIA,俄罗斯,多语,Europe/Moscow,国有,网站,3,ria.ru,俄罗斯对外宣传
101,日本广播协会 NHK,日本,日语,Asia/Tokyo,公共广播,广播,4,nhk.or.jp,日本公共广播
102,读卖新闻 Yomiuri Shimbun,日本,日语,Asia/Tokyo,读卖新闻集团,报纸,4,yomiuri.co.jp,发行量世界第一
103,朝日新闻 Asahi Shimbun,日本,日语,Asia/Tokyo,朝日新闻社,报纸,4,asahi.com,中间偏左
104,日本经济新闻 Nikkei,日本,日语,Asia/Tokyo,日本经济新闻社,报纸,4,nikkei.com,财经权威　接手金融时报
105,每日新闻 Mainichi Shimbun,日本,日语,Asia/Tokyo,每日新闻社,报纸,3,mainichi.jp,中间偏左
106,产经新闻 Sankei Shimbun,日本,日语,Asia/Tokyo,富士产经集团,报纸,3,sankei.com,偏保守
107,中日新闻 Chunichi／东京新闻,日本,日语,Asia/Tokyo,中日新闻社,报纸,3,tokyo-np.co.jp,中部地区大报
108,日本时报 The Japan Times,日本,英语,Asia/Tokyo,私有,报纸,3,japantimes.co.jp,日本英文报
109,朝鲜日报 Chosun Ilbo,韩国,韩语,Asia/Seoul,朝鲜日报（方氏）,报纸,4,chosun.com,偏保守　韩国最大
110,中央日报 JoongAng Ilbo,韩国,韩语,Asia/Seoul,中央日报（洪氏）,报纸,4,joongang.co.kr,偏保守
111,东亚日报 Dong-A Ilbo,韩国,韩语,Asia/Seoul,东亚日报,报纸,3,donga.com,中间偏保守
112,韩民族日报 Hankyoreh,韩国,韩语,Asia/Seoul,独立,报纸,3,hani.co.kr,偏进步
113,韩国放送公社 KBS,韩国,韩语,Asia/Seoul,公共广播,广播,3,kbs.co.kr,公共广播
114,文化广播公司 MBC,韩国,韩语,Asia/Seoul,公共广播,电视,3,imbc.com,公共电视
115,南华早报 SCMP,中国香港,英语,Asia/Hong_Kong,阿里巴巴,报纸,4,scmp.com,香港英文大报
116,明报 Ming Pao,中国香港,中文,Asia/Hong_Kong,私有,报纸,3,mingpao.com,香港老牌报纸
117,自由时报 Liberty Times,中国台湾,中文,Asia/Taipei,自由时报,报纸,3,ltn.com.tw,台湾偏绿
118,联合报 United Daily News,中国台湾,中文,Asia/Taipei,联合报系,报纸,3,udn.com,台湾偏蓝
119,中国时报 China Times,中国台湾,中文,Asia/Taipei,旺旺中时,报纸,3,chinatimes.com,台湾偏蓝
120,印度时报 The Times of India,印度,英语,Asia/Kolkata,Times Group,报纸,4,timesofindia.indiatimes.com,世界最大英文日报
121,印度斯坦时报 Hindustan Times,印度,英语,Asia/Kolkata,HT Media（比尔拉）,报纸,3,hindustantimes.com,德里
122,印度教徒报 The Hindu,印度,英语,Asia/Kolkata,Kasturi 家族,报纸,3,thehindu.com,南部大报
123,印度快报 The Indian Express,印度,英语,Asia/Kolkata,Indian Express Group,报纸,3,indianexpress.com,调查强
124,每日巴斯卡 Dainik Bhaskar,印度,印地语,Asia/Kolkata,DB Corp,报纸,4,bhaskar.com,印地语世界第一大报
125,每日觉醒 Dainik Jagran,印度,印地语,Asia/Kolkata,Jagran Prakashan,报纸,4,jagran.com,印地语大报
126,经济时报 The Economic Times,印度,英语,Asia/Kolkata,Times Group,报纸,3,economictimes.indiatimes.com,财经
127,新德里电视 NDTV,印度,英语,Asia/Kolkata,Adani,电视,3,ndtv.com,电视＋网站
128,黎明报 Dawn,巴基斯坦,英语,Asia/Karachi,私有,报纸,3,dawn.com,巴基斯坦英文大报
129,战斗报 Daily Jang,巴基斯坦,乌尔都语,Asia/Karachi,私有,报纸,3,jang.com.pk,巴基斯坦发行量最大
130,海峡时报 The Straits Times,新加坡,英语,Asia/Singapore,SPH Media,报纸,4,straitstimes.com,新加坡主流
131,亚洲新闻台 CNA,新加坡,英语,Asia/Singapore,Mediacorp,电视网站,3,channelnewsasia.com,新加坡对外
132,罗盘报 Kompas,印度尼西亚,印尼语,Asia/Jakarta,Kompas Gramedia,报纸,3,kompas.com,印尼主流
133,曼谷邮报 Bangkok Post,泰国,英语,Asia/Bangkok,私有,报纸,3,bangkokpost.com,泰国英文大报
134,菲律宾每日问询者报 Inquirer,菲律宾,英语,Asia/Manila,私有,报纸,3,inquirer.net,菲律宾主流
135,VnExpress,越南,越南语,Asia/Ho_Chi_Minh,私有,网站,3,vnexpress.net,越南流量最大
136,星报 The Star,马来西亚,英语,Asia/Kuala_Lumpur,私有,报纸,3,thestar.com.my,马来西亚主流
137,半岛电视台 Al Jazeera,卡塔尔,多语,Asia/Qatar,国有,电视网站,5,aljazeera.com,全球南方视角　受众极广
138,阿拉伯电视台 Al Arabiya,阿联酋,阿拉伯语,Asia/Dubai,与沙特关联,电视,4,alarabiya.net,阿拉伯语电视
139,国土报 Haaretz,以色列,希伯来语英语,Asia/Jerusalem,私有,报纸,3,haaretz.com,以色列偏左
140,耶路撒冷邮报 The Jerusalem Post,以色列,英语,Asia/Jerusalem,私有,报纸,3,jpost.com,以色列偏右
141,Ynet,以色列,希伯来语,Asia/Jerusalem,Yedioth Ahronoth,网站,3,ynetnews.com,以色列流量最大
142,自由报 Hürriyet,土耳其,土耳其语,Europe/Istanbul,Demirören,报纸,3,hurriyet.com.tr,土耳其大报
143,环球报 O Globo,巴西,葡萄牙语,America/Sao_Paulo,Grupo Globo,报纸,4,oglobo.globo.com,巴西主流
144,圣保罗页报 Folha de S.Paulo,巴西,葡萄牙语,America/Sao_Paulo,Grupo Folha,报纸,4,folha.uol.com.br,巴西发行量最大
145,圣保罗州报 O Estado de S.Paulo,巴西,葡萄牙语,America/Sao_Paulo,Grupo Estado,报纸,3,estadao.com.br,巴西大报
146,号角报 Clarín,阿根廷,西班牙语,America/Argentina/Buenos_Aires,Grupo Clarín,报纸,4,clarin.com,阿根廷最大
147,民族报 La Nación,阿根廷,西班牙语,America/Argentina/Buenos_Aires,私有,报纸,3,lanacion.com.ar,阿根廷主流
148,Infobae,阿根廷,西班牙语,America/Argentina/Buenos_Aires,私有,网站,3,infobae.com,拉美流量大
149,宇宙报 El Universal,墨西哥,西班牙语,America/Mexico_City,私有,报纸,3,eluniversal.com.mx,墨西哥主流
150,改革报 Reforma,墨西哥,西班牙语,America/Mexico_City,Grupo Reforma,报纸,3,reforma.com,墨西哥主流
151,信使报 El Mercurio,智利,西班牙语,America/Santiago,私有,报纸,3,emol.com,智利主流
152,时代报 El Tiempo,哥伦比亚,西班牙语,America/Bogota,私有,报纸,3,eltiempo.com,哥伦比亚主流
153,加拿大广播公司 CBC／Radio-Canada,加拿大,英法双语,America/Toronto,公共广播,广播,4,cbc.ca,公共广播
154,环球邮报 The Globe and Mail,加拿大,英语,America/Toronto,Woodbridge（汤姆森家族）,报纸,4,theglobeandmail.com,加拿大全国大报
155,多伦多星报 Toronto Star,加拿大,英语,America/Toronto,NordStar,报纸,3,thestar.com,偏左
156,CTV 新闻 CTV News,加拿大,英语,America/Toronto,Bell Media,电视,3,ctvnews.ca,商业电视
157,澳大利亚广播公司 ABC,澳大利亚,英语,Australia/Sydney,公共广播,广播,4,abc.net.au,公共广播
158,悉尼先驱晨报 The Sydney Morning Herald,澳大利亚,英语,Australia/Sydney,Nine Entertainment,报纸,3,smh.com.au,澳主流
159,时代报 The Age,澳大利亚,英语,Australia/Melbourne,Nine Entertainment,报纸,3,theage.com.au,墨尔本
160,澳大利亚人报 The Australian,澳大利亚,英语,Australia/Sydney,新闻集团,报纸,3,theaustralian.com.au,偏保守
