序号,名称,范围,官网,影响力星级,feed_url,状态,备注
1,新华社,境内,news.cn,5,,未找到,https URLError: <urlopen error [SSL: UNEXPECTED_EOF_WHILE_READING] EOF occurred in violation of protocol (_ssl.c:1010)>
2,中国新闻社,境内,chinanews.com.cn,4,,未找到,https URLError: <urlopen error [SSL: UNEXPECTED_EOF_WHILE_READING] EOF occurred in violation of protocol (_ssl.c:1010)>; http HTTPError: HTTP Error 502: Bad Gateway
3,人民日报,境内,people.com.cn,5,,未找到,无 feed
4,人民日报海外版,境内,paper.people.com.cn,3,,未找到,无 feed
5,央视新闻 CCTV,境内,cctv.com,5,,未找到,无 feed
6,中国国际电视台 CGTN,境内,cgtn.com,4,,未找到,无 feed
7,中国日报 China Daily,境内,chinadaily.com.cn,4,,未找到,无 feed
8,经济日报,境内,ce.cn,4,,未找到,https URLError: <urlopen error [SSL: UNEXPECTED_EOF_WHILE_READING] EOF occurred in violation of protocol (_ssl.c:1010)>; http HTTPError: HTTP Error 502: Bad Gateway
9,光明日报,境内,gmw.cn,4,,未找到,无 feed
10,环球时报,境内,huanqiu.com,4,,未找到,无 feed
11,环球网,境内,huanqiu.com,3,,未找到,无 feed
12,中国青年报,境内,cyol.com,3,,未找到,无 feed
13,科技日报,境内,stdaily.com,3,,未找到,无 feed
15,参考消息,境内,cankaoxiaoxi.com,4,,未找到,无 feed
20,解放军报／中国军网,境内,81.cn,3,,未找到,https URLError: <urlopen error [SSL: UNEXPECTED_EOF_WHILE_READING] EOF occurred in violation of protocol (_ssl.c:1010)>; http HTTPError: HTTP Error 502: Bad Gateway
21,中国新闻网,境内,chinanews.com.cn,3,,未找到,https URLError: <urlopen error [SSL: UNEXPECTED_EOF_WHILE_READING] EOF occurred in violation of protocol (_ssl.c:1010)>; http HTTPError: HTTP Error 502: Bad Gateway
23,腾讯新闻,境内,news.qq.com,4,,未找到,无 feed
24,新浪新闻,境内,news.sina.com.cn,4,https://rss.sina.com.cn/news/marquee/ddt.xml,ok,发现 1 条
25,网易新闻,境内,news.163.com,4,,未找到,无 feed
26,搜狐新闻,境内,news.sohu.com,3,,未找到,无 feed
27,凤凰网,境内,ifeng.com,4,,未找到,无 feed
28,今日头条,境内,toutiao.com,4,,未找到,无 feed
29,百度新闻,境内,news.baidu.com,3,,未找到,无 feed
30,澎湃新闻,境内,thepaper.cn,4,,未找到,无 feed
31,界面新闻,境内,jiemian.com,3,,未找到,无 feed
32,财联社,境内,cls.cn,3,,未找到,无 feed
33,第一财经,境内,yicai.com,3,,未找到,https URLError: <urlopen error [SSL: UNEXPECTED_EOF_WHILE_READING] EOF occurred in violation of protocol (_ssl.c:1010)>
34,观察者网,境内,guancha.cn,4,,未找到,https URLError: <urlopen error [SSL: UNEXPECTED_EOF_WHILE_READING] EOF occurred in violation of protocol (_ssl.c:1010)>
35,上观新闻,境内,jfdaily.com,3,,未找到,"https URLError: <urlopen error [SSL: CERTIFICATE_VERIFY_FAILED] certificate verify failed: Hostname mismatch, certificate is not valid for 'jfdaily.com'. (_ssl.c:1010)>; http HTTPE"
37,财新,境内,caixin.com,4,,未找到,无 feed
38,财经杂志,境内,mycaijing.com,3,,未找到,https HTTPError: HTTP Error 405: Not Allowed; http HTTPError: HTTP Error 405: Not Allowed
39,21世纪经济报道,境内,21jingji.com,3,,未找到,无 feed
40,每日经济新闻,境内,nbd.com.cn,3,,未找到,无 feed
41,经济观察报,境内,eeo.com.cn,3,,未找到,https URLError: <urlopen error [SSL: UNEXPECTED_EOF_WHILE_READING] EOF occurred in violation of protocol (_ssl.c:1010)>; http HTTPError: HTTP Error 502: Bad Gateway
42,证券时报,境内,stcn.com,3,,未找到,无 feed
43,中国证券报,境内,cs.com.cn,3,,未找到,无 feed
44,上海证券报,境内,cnstock.com,3,,未找到,https URLError: <urlopen error [SSL: SSLV3_ALERT_HANDSHAKE_FAILURE] ssl/tls alert handshake failure (_ssl.c:1010)>; http HTTPError: HTTP Error 403: Forbidden
45,华尔街见闻,境内,wallstreetcn.com,3,,未找到,无 feed
47,36氪,境内,36kr.com,3,,未找到,无 feed
48,虎嗅网,境内,huxiu.com,3,,未找到,无 feed
53,IT之家,境内,ithome.com,3,https://www.ithome.com/rss/,ok,发现 60 条
54,快科技,境内,mydrivers.com,3,https://rss.mydrivers.com/rss.aspx?Tid=1,ok,发现 100 条
58,新京报,境内,bjnews.com.cn,4,,未找到,https URLError: <urlopen error [SSL: UNEXPECTED_EOF_WHILE_READING] EOF occurred in violation of protocol (_ssl.c:1010)>
59,南方都市报,境内,oeeee.com,3,,未找到,无 feed
60,南方周末,境内,infzm.com,4,,未找到,无 feed
61,南方日报,境内,southcn.com,3,,未找到,无 feed
62,北京日报,境内,bjd.com.cn,3,,未找到,https URLError: <urlopen error [SSL: UNEXPECTED_EOF_WHILE_READING] EOF occurred in violation of protocol (_ssl.c:1010)>; http HTTPError: HTTP Error 502: Bad Gateway
63,广州日报,境内,gzdaily.cn,3,,未找到,https URLError: <urlopen error [SSL: UNEXPECTED_EOF_WHILE_READING] EOF occurred in violation of protocol (_ssl.c:1010)>; http HTTPError: HTTP Error 502: Bad Gateway
64,红星新闻,境内,cdsb.com.cn,3,,未找到,无 feed
65,极目新闻,境内,ctdsb.net,3,,未找到,无 feed
73,三联生活周刊,境内,lifeweek.com.cn,3,,未找到,https URLError: <urlopen error [SSL: SSLV3_ALERT_HANDSHAKE_FAILURE] ssl/tls alert handshake failure (_ssl.c:1010)>; http HTTPError: HTTP Error 403: Forbidden
74,中国新闻周刊,境内,inewsweek.cn,3,,未找到,https URLError: <urlopen error [SSL: UNEXPECTED_EOF_WHILE_READING] EOF occurred in violation of protocol (_ssl.c:1010)>; http HTTPError: HTTP Error 502: Bad Gateway
77,懂球帝,境内,dongqiudi.com,3,,未找到,无 feed
78,虎扑,境内,hupu.com,3,,未找到,无 feed
79,体坛周报,境内,titan24.com,3,,未找到,https URLError: <urlopen error [SSL: UNEXPECTED_EOF_WHILE_READING] EOF occurred in violation of protocol (_ssl.c:1010)>
80,新浪体育,境内,sports.sina.com.cn,3,,未找到,无 feed
81,腾讯体育,境内,sports.qq.com,3,,未找到,无 feed
82,环球时报英文版 Global Times,境内,globaltimes.cn,3,,未找到,无 feed
83,参考消息网,境内,cankaoxiaoxi.com,3,,未找到,无 feed
1,路透社 Reuters,境外,reuters.com,5,,未找到,https HTTPError: HTTP Error 401: HTTP Forbidden; http HTTPError: HTTP Error 401: HTTP Forbidden
2,美联社 AP,境外,apnews.com,5,,未找到,无 feed
3,法新社 AFP,境外,afp.com,5,,未找到,https URLError: <urlopen error [SSL: UNEXPECTED_EOF_WHILE_READING] EOF occurred in violation of protocol (_ssl.c:1010)>; http HTTPError: HTTP Error 502: Bad Gateway
4,彭博新闻 Bloomberg News,境外,bloomberg.com,5,,未找到,https HTTPError: HTTP Error 403: Forbidden; http HTTPError: HTTP Error 403: Forbidden
5,埃菲社 EFE,境外,efe.com,4,,未找到,https HTTPError: HTTP Error 403: Forbidden; http HTTPError: HTTP Error 403: Forbidden
6,德新社 DPA,境外,dpa.com,4,,未找到,https URLError: <urlopen error [SSL: UNEXPECTED_EOF_WHILE_READING] EOF occurred in violation of protocol (_ssl.c:1010)>; http HTTPError: HTTP Error 502: Bad Gateway
7,共同社 Kyodo News,境外,kyodonews.net,4,,未找到,"https URLError: <urlopen error [SSL: CERTIFICATE_VERIFY_FAILED] certificate verify failed: Hostname mismatch, certificate is not valid for 'kyodonews.net'. (_ssl.c:1010)>; http URL"
8,韩联社 Yonhap,境外,yna.co.kr,4,,未找到,无 feed
9,塔斯社 TASS,境外,tass.com,4,https://tass.com/rss/v2.xml,ok,发现 100 条
10,阿纳多卢通讯社 Anadolu,境外,aa.com.tr,4,,未找到,无 feed
11,安莎社 ANSA,境外,ansa.it,3,https://www.ansa.it/rss.xml,ok,发现 29 条
12,时事社 Jiji Press,境外,jiji.com,3,https://www.jiji.com/rss/ranking.rdf,ok,发现 10 条
13,印度报业托拉斯 PTI,境外,ptinews.com,3,,未找到,无 feed
14,卢萨社 Lusa,境外,lusa.pt,3,,未找到,无 feed
15,国际文传电讯社 Interfax,境外,interfax.com,3,,未找到,https URLError: <urlopen error [SSL: CERTIFICATE_VERIFY_FAILED] certificate verify failed: unable to get local issuer certificate (_ssl.c:1010)>; http HTTPError: HTTP Error 502: Ba
16,乌克兰国家通讯社 Ukrinform,境外,ukrinform.net,3,,未找到,无 feed
17,纽约时报 The New York Times,境外,nytimes.com,5,,未找到,https HTTPError: HTTP Error 403: Forbidden; http HTTPError: HTTP Error 403: Forbidden
18,华尔街日报 The Wall Street Journal,境外,wsj.com,5,,未找到,https HTTPError: HTTP Error 401: HTTP Forbidden; http HTTPError: HTTP Error 401: HTTP Forbidden
19,华盛顿邮报 The Washington Post,境外,washingtonpost.com,5,,未找到,https TimeoutError: The read operation timed out; http TimeoutError: The read operation timed out
20,有线电视新闻网 CNN,境外,cnn.com,5,,未找到,https URLError: <urlopen error [SSL: CERTIFICATE_VERIFY_FAILED] certificate verify failed: unable to get local issuer certificate (_ssl.c:1010)>; http URLError: <urlopen error [SSL
21,福克斯新闻 Fox News,境外,foxnews.com,5,https://moxie.foxnews.com/google-publisher/latest.xml,ok,发现 25 条
22,今日美国 USA Today,境外,usatoday.com,4,,未找到,https HTTPError: HTTP Error 403: Forbidden; http HTTPError: HTTP Error 403: Forbidden
23,洛杉矶时报 Los Angeles Times,境外,latimes.com,4,https://www.latimes.com/index.rss,ok,发现 142 条
24,全国广播公司新闻 NBC News,境外,nbcnews.com,4,https://feeds.nbcnews.com/nbcnews/public/news,ok,发现 25 条
25,美国广播公司新闻 ABC News,境外,abcnews.go.com,4,,未找到,无 feed
26,哥伦比亚广播公司新闻 CBS News,境外,cbsnews.com,4,,未找到,无 feed
27,微软全国广播 MSNBC,境外,msnbc.com,4,,未找到,无 feed
28,美国国家公共电台 NPR,境外,npr.org,4,https://feeds.npr.org/1002/rss.xml,ok,发现 10 条
29,PBS 新闻一小时 PBS NewsHour,境外,pbs.org/newshour,3,,未找到,https 202; http 202
30,政治报 Politico,境外,politico.com,4,https://www.politico.com/rss/politicopicks.xml,ok,发现 36 条
31,Axios,境外,axios.com,3,,未找到,无 feed
32,大西洋月刊 The Atlantic,境外,theatlantic.com,4,https://www.theatlantic.com/feed/all/,ok,发现 25 条
33,纽约客 The New Yorker,境外,newyorker.com,4,https://www.newyorker.com/feed/rss,ok,发现 30 条
34,时代周刊 Time,境外,time.com,4,https://time.com/feed/,ok,发现 25 条
35,新闻周刊 Newsweek,境外,newsweek.com,3,https://www.newsweek.com/rss,ok,发现 20 条
36,福布斯 Forbes,境外,forbes.com,4,,未找到,无 feed
37,财富 Fortune,境外,fortune.com,3,https://fortune.com/feed/fortune-feeds/?id=3230629,ok,发现 10 条
38,商业内幕 Business Insider,境外,businessinsider.com,3,https://feeds.businessinsider.com/custom/all,ok,发现 20 条
39,Vox,境外,vox.com,3,https://www.vox.com/rss/index.xml,ok,发现 10 条
40,ProPublica,境外,propublica.org,3,https://www.propublica.org/feeds/propublica/main,ok,发现 20 条
42,国会山报 The Hill,境外,thehill.com,3,,未找到,https HTTPError: HTTP Error 403: Forbidden; http HTTPError: HTTP Error 403: Forbidden
43,纽约邮报 New York Post,境外,nypost.com,3,https://nypost.com/feed/,ok,发现 20 条
44,芝加哥论坛报 Chicago Tribune,境外,chicagotribune.com,3,https://www.chicagotribune.com/feed/atom/,ok,发现 10 条
45,美国之音 VOA,境外,voanews.com,4,https://www.voanews.com/api/,ok,发现 20 条
46,自由亚洲电台 RFA,境外,rfa.org,3,,未找到,无 feed
47,自由欧洲电台／自由电台 RFE/RL,境外,rferl.org,3,https://www.rferl.org/api/,ok,发现 20 条
49,英国广播公司 BBC,境外,bbc.com,5,https://feeds.bbci.co.uk/news/rss.xml,ok,发现 31 条
50,卫报 The Guardian,境外,theguardian.com,5,https://www.theguardian.com/international/rss,ok,发现 112 条
51,金融时报 Financial Times,境外,ft.com,5,https://www.ft.com/rss/home/international,ok,发现 10 条
52,经济学人 The Economist,境外,economist.com,5,,未找到,https HTTPError: HTTP Error 403: Forbidden; http HTTPError: HTTP Error 403: Forbidden
53,每日邮报 Daily Mail／MailOnline,境外,dailymail.co.uk,5,https://www.dailymail.com/home/index.rss,ok,发现 150 条
54,每日电讯报 The Daily Telegraph,境外,telegraph.co.uk,4,,未找到,https HTTPError: HTTP Error 402: Payment Required; http HTTPError: HTTP Error 402: Payment Required
55,泰晤士报 The Times,境外,thetimes.co.uk,4,,未找到,无 feed
56,独立报 The Independent,境外,independent.co.uk,4,https://www.independent.co.uk/rss,ok,发现 100 条
57,太阳报 The Sun,境外,thesun.co.uk,4,,未找到,无 feed
58,每日镜报 Daily Mirror,境外,mirror.co.uk,3,,未找到,https 202; http 202
59,每日快报 Daily Express,境外,express.co.uk,3,,未找到,https 202; http 202
60,标准晚报 Evening Standard,境外,standard.co.uk,3,https://www.standard.co.uk/rss,ok,发现 100 条
61,天空新闻 Sky News,境外,news.sky.com,4,,未找到,https HTTPError: HTTP Error 403: Forbidden; http HTTPError: HTTP Error 403: Forbidden
62,独立电视台新闻 ITV News,境外,itv.com/news,3,,未找到,https TimeoutError: The read operation timed out; http TimeoutError: The read operation timed out
63,第四台新闻 Channel 4 News,境外,channel4.com/news,3,https://www.channel4.com/news/feed,ok,发现 15 条
64,旁观者 The Spectator,境外,spectator.co.uk,3,,未找到,无 feed
67,图片报 Bild,境外,bild.de,5,https://www.bild.de/feed/home.xml,ok,发现 100 条
68,明镜周刊 Der Spiegel,境外,spiegel.de,4,https://www.spiegel.de/schlagzeilen/index.rss,ok,发现 30 条
69,法兰克福汇报 FAZ,境外,faz.net,4,https://www.faz.net/rss/aktuell/,ok,发现 160 条
70,南德意志报 Süddeutsche Zeitung,境外,sueddeutsche.de,4,,未找到,无 feed
71,世界报 Die Welt,境外,welt.de,4,,未找到,无 feed
72,时代周报 Die Zeit,境外,zeit.de,4,https://newsfeed.zeit.de/index,ok,发现 15 条
73,商报 Handelsblatt,境外,handelsblatt.com,3,,未找到,无 feed
75,德国电视一台 Tagesschau,境外,tagesschau.de,4,https://www.tagesschau.de/index~atom.xml,ok,发现 85 条
76,德国电视二台 ZDF,境外,zdf.de,4,,未找到,无 feed
77,德国之声 DW,境外,dw.com,4,,未找到,无 feed
78,世界报 Le Monde,境外,lemonde.fr,4,https://www.lemonde.fr/en/rss/une.xml,ok,发现 18 条
79,费加罗报 Le Figaro,境外,lefigaro.fr,4,,未找到,无 feed
80,解放报 Libération,境外,liberation.fr,3,,未找到,https HTTPError: HTTP Error 403: Forbidden; http HTTPError: HTTP Error 403: Forbidden
81,回声报 Les Échos,境外,lesechos.fr,3,,未找到,https HTTPError: HTTP Error 403: Forbidden; http HTTPError: HTTP Error 403: Forbidden
82,巴黎人报 Le Parisien,境外,leparisien.fr,3,,未找到,https HTTPError: HTTP Error 403: Forbidden; http HTTPError: HTTP Error 403: Forbidden
83,法兰西西部报 Ouest-France,境外,ouest-france.fr,3,,未找到,https URLError: <urlopen error [SSL: UNEXPECTED_EOF_WHILE_READING] EOF occurred in violation of protocol (_ssl.c:1010)>; http HTTPError: HTTP Error 403: Forbidden
87,法国 24 France 24,境外,france24.com,4,,未找到,https HTTPError: HTTP Error 403: Forbidden; http HTTPError: HTTP Error 403: Forbidden
88,法国国际广播 RFI,境外,rfi.fr,4,,未找到,https HTTPError: HTTP Error 403: Forbidden; http HTTPError: HTTP Error 403: Forbidden
89,晚邮报 Corriere della Sera,境外,corriere.it,4,,未找到,无 feed
90,共和国报 la Repubblica,境外,repubblica.it,4,,未找到,无 feed
91,新闻报 La Stampa,境外,lastampa.it,3,https://www.lastampa.it/rss/copertina.xml,ok,发现 38 条
92,二十四小时太阳报 Il Sole 24 Ore,境外,ilsole24ore.com,3,,未找到,无 feed
96,国家报 El País,境外,elpais.com,4,https://feeds.elpais.com/mrss-s/pages/ep/site/elpais.com/portada,ok,发现 155 条
97,世界报 El Mundo,境外,elmundo.es,3,https://www.elmundo.es/rss/googlenews/portada.xml,ok,发现 29 条
98,ABC 报,境外,abc.es,3,https://www.abc.es/rss/2.0/portada/,ok,发现 25 条
99,先锋报 La Vanguardia,境外,lavanguardia.com,3,https://www.lavanguardia.com/rss/home.xml,ok,发现 138 条
102,新苏黎世报 NZZ,境外,nzz.ch,3,,未找到,无 feed
107,电讯报 De Telegraaf,境外,telegraaf.nl,3,,未找到,"https HTTPError: HTTP Error 302: The HTTP server returned a redirect error that would lead to an infinite loop.
The last 30x error message was:
Found; http HTTPError: HTTP Error 30"
111,每日新闻 Dagens Nyheter,境外,dn.se,3,https://www.dn.se/rss/,ok,发现 115 条
112,晚报 Aftonbladet,境外,aftonbladet.se,3,https://rss.aftonbladet.se/rss2/small/pages/sections/senastenytt,ok,发现 39 条
113,晚邮报 Aftenposten,境外,aftenposten.no,3,https://www.aftenposten.no/rss,ok,发现 42 条
114,VG,境外,vg.no,3,https://www.vg.no/rss/feed/?format=rss,ok,发现 10 条
115,挪威广播公司 NRK,境外,nrk.no,3,https://www.nrk.no/toppsaker.rss,ok,发现 99 条
116,政治报 Politiken,境外,politiken.dk,3,,未找到,无 feed
118,赫尔辛基新闻 Helsingin Sanomat,境外,hs.fi,3,,未找到,无 feed
119,芬兰广播公司 Yle,境外,yle.fi,3,https://yle.fi/rss/news,ok,发现 20 条
120,今日俄罗斯 RT,境外,rt.com,4,,未找到,https URLError: <urlopen error [SSL: CERTIFICATE_VERIFY_FAILED] certificate verify failed: unable to get local issuer certificate (_ssl.c:1010)>; http URLError: <urlopen error [SSL
121,俄罗斯卫星通讯社 Sputnik／RIA,境外,ria.ru,3,https://ria.ru/export/rss2/archive/index.xml,ok,发现 98 条
126,日本广播协会 NHK,境外,nhk.or.jp,4,,未找到,https URLError: <urlopen error [SSL: UNEXPECTED_EOF_WHILE_READING] EOF occurred in violation of protocol (_ssl.c:1010)>; http HTTPError: HTTP Error 502: Bad Gateway
127,读卖新闻 Yomiuri Shimbun,境外,yomiuri.co.jp,4,,未找到,无 feed
128,朝日新闻 Asahi Shimbun,境外,asahi.com,4,,未找到,https TimeoutError: The read operation timed out; http TimeoutError: The read operation timed out
129,日本经济新闻 Nikkei,境外,nikkei.com,4,,未找到,无 feed
130,每日新闻 Mainichi Shimbun,境外,mainichi.jp,3,,未找到,https HTTPError: HTTP Error 403: Forbidden; http HTTPError: HTTP Error 403: Forbidden
131,产经新闻 Sankei Shimbun,境外,sankei.com,3,https://www.sankei.com/arc/outboundfeeds/rss/?outputType=xml,ok,发现 100 条
132,中日新闻 Chunichi／东京新闻,境外,tokyo-np.co.jp,3,,未找到,无 feed
133,日本时报 The Japan Times,境外,japantimes.co.jp,3,https://www.japantimes.co.jp/feed/,ok,发现 30 条
134,朝鲜日报 Chosun Ilbo,境外,chosun.com,4,,未找到,无 feed
135,中央日报 JoongAng Ilbo,境外,joongang.co.kr,4,,未找到,https URLError: <urlopen error [SSL: UNEXPECTED_EOF_WHILE_READING] EOF occurred in violation of protocol (_ssl.c:1010)>; http HTTPError: HTTP Error 502: Bad Gateway
136,东亚日报 Dong-A Ilbo,境外,donga.com,3,https://rss.donga.com/total.xml,ok,发现 50 条
137,韩民族日报 Hankyoreh,境外,hani.co.kr,3,https://www.hani.co.kr/rss,ok,发现 30 条
139,韩国放送公社 KBS,境外,kbs.co.kr,3,,未找到,https URLError: <urlopen error [SSL: UNEXPECTED_EOF_WHILE_READING] EOF occurred in violation of protocol (_ssl.c:1010)>; http HTTPError: HTTP Error 502: Bad Gateway
140,文化广播公司 MBC,境外,imbc.com,3,,未找到,https URLError: <urlopen error [SSL: UNEXPECTED_EOF_WHILE_READING] EOF occurred in violation of protocol (_ssl.c:1010)>; http HTTPError: HTTP Error 502: Bad Gateway
141,南华早报 SCMP,境外,scmp.com,4,https://www.scmp.com/rss/feed/,ok,发现 50 条
142,明报 Ming Pao,境外,mingpao.com,3,,未找到,https URLError: <urlopen error [SSL: CERTIFICATE_VERIFY_FAILED] certificate verify failed: self-signed certificate in certificate chain (_ssl.c:1010)>; http HTTPError: HTTP Error 5
143,自由时报 Liberty Times,境外,ltn.com.tw,3,https://news.ltn.com.tw/rss/all.xml,ok,发现 40 条
144,联合报 United Daily News,境外,udn.com,3,https://udn.com/news/rssfeed/,ok,发现 98 条
145,中国时报 China Times,境外,chinatimes.com,3,,未找到,无 feed
147,印度时报 The Times of India,境外,timesofindia.indiatimes.com,4,,未找到,无 feed
148,印度斯坦时报 Hindustan Times,境外,hindustantimes.com,3,,未找到,无 feed
149,印度教徒报 The Hindu,境外,thehindu.com,3,https://www.thehindu.com/feeder/default.rss,ok,发现 60 条
150,印度快报 The Indian Express,境外,indianexpress.com,3,https://indianexpress.com/feed/,ok,发现 200 条
151,每日巴斯卡 Dainik Bhaskar,境外,bhaskar.com,4,,未找到,无 feed
152,每日觉醒 Dainik Jagran,境外,jagran.com,4,,未找到,无 feed
153,经济时报 The Economic Times,境外,economictimes.indiatimes.com,3,,未找到,无 feed
154,新德里电视 NDTV,境外,ndtv.com,3,,未找到,https HTTPError: HTTP Error 403: Forbidden; http HTTPError: HTTP Error 403: Forbidden
157,黎明报 Dawn,境外,dawn.com,3,https://www.dawn.com/feeds/home/,ok,发现 26 条
158,战斗报 Daily Jang,境外,jang.com.pk,3,,未找到,无 feed
161,海峡时报 The Straits Times,境外,straitstimes.com,4,https://www.straitstimes.com/rss.xml,ok,发现 10 条
162,亚洲新闻台 CNA,境外,channelnewsasia.com,3,,未找到,无 feed
163,罗盘报 Kompas,境外,kompas.com,3,,未找到,无 feed
165,曼谷邮报 Bangkok Post,境外,bangkokpost.com,3,,未找到,无 feed
167,菲律宾每日问询者报 Inquirer,境外,inquirer.net,3,,未找到,无 feed
169,VnExpress,境外,vnexpress.net,3,,未找到,无 feed
170,星报 The Star,境外,thestar.com.my,3,,未找到,无 feed
173,半岛电视台 Al Jazeera,境外,aljazeera.com,5,https://www.aljazeera.com/xml/rss/all.xml,ok,发现 25 条
174,阿拉伯电视台 Al Arabiya,境外,alarabiya.net,4,,未找到,https HTTPError: HTTP Error 403: Forbidden; http HTTPError: HTTP Error 403: Forbidden
179,国土报 Haaretz,境外,haaretz.com,3,,未找到,无 feed
180,耶路撒冷邮报 The Jerusalem Post,境外,jpost.com,3,,未找到,https URLError: <urlopen error [SSL: CERTIFICATE_VERIFY_FAILED] certificate verify failed: self-signed certificate in certificate chain (_ssl.c:1010)>; http URLError: <urlopen erro
182,Ynet,境外,ynetnews.com,3,,未找到,无 feed
183,自由报 Hürriyet,境外,hurriyet.com.tr,3,,未找到,无 feed
192,环球报 O Globo,境外,oglobo.globo.com,4,https://oglobo.globo.com/rss/oglobo,ok,发现 100 条
193,圣保罗页报 Folha de S.Paulo,境外,folha.uol.com.br,4,,未找到,无 feed
194,圣保罗州报 O Estado de S.Paulo,境外,estadao.com.br,3,https://www.estadao.com.br/arc/outboundfeeds/feeds/rss/sections/geral/?body=%7B%22layout%22:%22google-news%22%7D,ok,发现 20 条
195,号角报 Clarín,境外,clarin.com,4,https://www.clarin.com/rss/lo-ultimo/,ok,发现 10 条
196,民族报 La Nación,境外,lanacion.com.ar,3,https://www.lanacion.com.ar/arc/outboundfeeds/rss/,ok,发现 85 条
197,Infobae,境外,infobae.com,3,https://www.infobae.com/arc/outboundfeeds/rss/category/america/mundo/,ok,发现 100 条
198,宇宙报 El Universal,境外,eluniversal.com.mx,3,https://www.eluniversal.com.mx:443/arc/outboundfeeds/rss/,ok,发现 100 条
199,改革报 Reforma,境外,reforma.com,3,https://www.reforma.com/rss/portada.xml,ok,发现 6 条
200,信使报 El Mercurio,境外,emol.com,3,,未找到,https URLError: <urlopen error [SSL: CERTIFICATE_VERIFY_FAILED] certificate verify failed: self-signed certificate in certificate chain (_ssl.c:1010)>; http HTTPError: HTTP Error 5
201,时代报 El Tiempo,境外,eltiempo.com,3,,未找到,无 feed
202,加拿大广播公司 CBC／Radio-Canada,境外,cbc.ca,4,,未找到,无 feed
203,环球邮报 The Globe and Mail,境外,theglobeandmail.com,4,https://www.theglobeandmail.com/arc/outboundfeeds/rss/?outputType=xml,ok,发现 100 条
204,多伦多星报 Toronto Star,境外,thestar.com,3,https://www.thestar.com/search/?f=rss&amp;t=article&amp;l=50&amp;s=start_time&amp;sd=desc&amp;k%5B%5D=%23topstory,ok,发现 10 条
206,CTV 新闻 CTV News,境外,ctvnews.ca,3,https://www.ctvnews.ca:443/arc/outboundfeeds/rss/,ok,发现 100 条
207,澳大利亚广播公司 ABC,境外,abc.net.au,4,,未找到,无 feed
208,悉尼先驱晨报 The Sydney Morning Herald,境外,smh.com.au,3,https://www.smh.com.au/rss/feed.xml,ok,发现 20 条
209,时代报 The Age,境外,theage.com.au,3,https://www.theage.com.au/rss/feed.xml,ok,发现 20 条
210,澳大利亚人报 The Australian,境外,theaustralian.com.au,3,,未找到,https HTTPError: HTTP Error 403: Forbidden; http HTTPError: HTTP Error 403: Forbidden
